2019-2020,Sofia Mangao,2,Female,BA Panitikan
2018-3016,Ervin Villacete,3,Male,BS Hotel Management
2018-0082,Ruby Respecia,3,Female,BS Accountancy
2017-3097,Nicole Canadilla,4,Female,BSED Home Economics
2020-0826,Paul Brandon,1,Male,BS Civil Engineering
2019-2666,Kryzel Obguia,2,Female,BS Hotel Management
2019-0001,Bradley Dumagpi,2,Male,BS Civil Engineering
2019-0002,Margaret Batocael,2,Female,BS Statistics
2019-0003,Kim Tan-awon,2,Female,BS Statistics
2019-0004,Eulyza Randa,2,Female,BS Statistics
2019-0005,Justine Payusan,2,Female,BS Statistics
2018-0001,Arvin Jack,3,Male,BS Accountancy
2018-0002,Freya Angeles,3,Female,BS Nursing
2018-0003,Leila Franco,3,Female,BS Accountancy
2018-0004,Daryl Diego,3,Male,BS Nursing
2018-0005,Diego Lorel,3,Male,BS Software Engineering
2020-0001,Fred Olivio,1,Male,BS Civil Engineering
2020-0002,Paul Fernandez,1,Male,BS Political Science
2020-0003,Gerome Santos,1,Male,BS Hotel Management
2020-0004,Belle Fernandez,1,Female,BS Nursing
2020-0005,Ian Ortez,1,Male,BS Mechanical Engineering
2018-2020,Fritz Dumagpi,3,Female,BS Marine Biology
2028-2021,Crystal Abejo,3,Female,BS Chemistry
2018-2022,Ryan Aquino,3,Male,BS Marine Biology
2018-2023,James Reid,3,Male,BS Nursing
2018-2024,Nadine Lustre,3,Female,BS Nursing
2017-0001,Alonzo Salvador,4,Male,BS Electrical Engineering
2017-0002,Leandro Torres,4,Male,BS Business Administration
2017-0003,Chayo Sanchez,4,Female,BS Business Administration
2017-0004,Yohan Valdez,4,Female,BS Sociology
2017-0005,Roqcz Bradley,4,Male,BS Nursing
2020-1111,Lyza Montes,1,Female,BS English Literature
2020-2222,Rose Bernardo,1,Female,BS Chemistry
2020-3333,Rouge De Vera,1,Male,BS Civil Engineering
2020-4444,Logan Lee,1,Male,BS Business Management
2019-1111,Rose Rosal ,2,Female,BS Education
2019-2222,Novo Timonera,2,Male,BS Computer Science
2019-3333,Glyzhelle Rose,2,Female,BS Tourism
2019-4444,Ethan Marquez,2,Male,BS Accountancy
2019-5555,Carl Pontillas,2,Male,BS Education
2018-0011,Junrelle Fajardo,3,Male,BS Civil Engineering
2018-0022,Jezryll Fajardo,3,Female,BS Computer Science
2017-0011,Ann Martinez,3,Female,BS Political Science
2017-0111,Justin Bieber,4,Male,BS Marine Engineering
2020-2121,Mochy Mochy,1,Female,BS Chemistry
2019-1818,Oreo,2,Female,BS Statistics
2019-1919,Starbucks,2,Male,BS Statistics
2018-1717,Milktea,3,Male,BS Statistics
2017-1616,Selecta,4,Male,BS Statistics
2017-3030,Penshoppe,4,Male,BS Statistics
2019-2048,Glynese Cabiladas,2,Female,BS Statistics
